INSERT INTO projects (id, title, category, funding_goal, start_date, end_date) VALUES
(1, 'Learn.co', 'website', 1000, '02-14-2017', '02-14-2018'),
(2, 'Pancake maker', 'food', 300, '01-01-2018', '03-06-2018'),
(3, 'Bottlecap Collector', 'drink', 900, '03-11-2018', '06-11-2018'),
(4, 'Kitchen Mixer', 'food', 2000, '04-11-2018', '06-11-2018'),
(5, 'Vinyl River', 'music', 3000, '03-1-2018', '06-11-2018'),
(6, 'Cleaner De Lune', 'homegoods', 5000, '06-11-2018', '09-20-2018'),
(7, 'Monstera Delicious', 'plants', 400, '02-27-2018', '06-12-2018'),
(8, 'Trinket collectors anonymous', 'homegoods', 500, '04-11-2018', '09-09-2018'),
(9, 'New drum set','music', 500, '02-02-2018', '06-11-2018'),
(10, 'Ti Leaf, not Tea Leaf', 'plants', 200, '04-04-2018', '07-07-2018');

INSERT INTO users (id, name, age) VALUES
(1, 'John', 20),
(2, 'Tom', 25),
(3, 'Ron', 30),
(4, 'Don', 28),
(5, 'Jon', 60),
(6, 'Han', 70),
(7, 'Mon', 40),
(8, 'Lonne', 45),
(9, 'Fawn', 33),
(10, 'Con', 66),
(11, 'Blonde', 22),
(12, 'Won', 55),
(13, 'Quan', 18),
(14, 'Eon', 23),
(15, 'Tawn', 32),
(16, 'Pawn', 20),
(17, 'Xon', 19),
(18, 'Ion', 22),
(19, 'Gonn', 50),
(20, 'Done', 18);

INSERT INTO pledges (id, amount, user_id, project_id) VALUES
(1, 100, 1, 1),
(2, 14, 2, 2),
(3, 3, 3, 3),
(4, 4, 4, 4),
(5, 5, 5, 5),
(6, 6, 6, 6),
(7, 7, 7, 7),
(8, 8, 8, 8),
(9, 9, 9, 9),
(10, 10, 10, 10),
(11, 11, 9, 11),
(12, 12, 8, 12),
(13, 13, 7, 13),
(14, 14, 6, 14),
(15, 15, 5, 15),
(16, 16, 4, 16),
(17, 17, 3, 17),
(18, 18, 2, 18),
(19, 19, 1, 19),
(20, 20, 2, 20),
(21, 21, 3, 19),
(22, 22, 4, 18),
(23, 23, 5, 17),
(24, 24, 6, 16),
(25, 25, 7, 15),
(26, 26, 8, 14),
(27, 27, 9, 13),
(28, 28, 10, 12),
(29, 29, 9, 11),
(30, 30, 8, 10);
